"id","age","sex","landtotal","landarable","landpasture","ghg","eutroph","water","biodiv","gdqs"
1,16.4,1,6.66199229158294,9.11174041937499,6.2571983752149,7709.93284562422,0.00306274472312938,289.1,"1.6706919177517e-12",26.7
2,33,1,6.17353547783135,3.67050746477456,1.32285289528023,7400.25117263877,0.0100513760405226,361.7,"5.54745661033003e-13",18.4
3,45.5,1,8.26085142528803,0.457451710802454,9.28315046346035,1127.27114058371,0.00882795075030997,401.4,"9.41696932101331e-13",35
4,16.9,1,7.47296158950088,1.2796209793585,3.75304999241571,1493.59017112918,0.0301434629599842,584.8,"2.53884254624886e-13",37.1
5,51.2,0,1.11514400778257,4.36244517654441,11.6448624627898,2790.51396455837,0.0117395600095589,478.4,"6.2254131066806e-12",17.3
6,12.7,1,2.94687186965535,2.99848421828859,2.3314559105781,5190.68181394251,0.0524431351017512,998.5,"1.25041314351171e-12",13.9
7,49,0,10.3618424487398,1.52391113107093,2.96971590113806,3272.32063234817,0.0452177170151646,778.8,"1.48656955541298e-12",31.7
8,48.2,0,2.20782685463389,2.64286523653238,1.28858840427814,2129.524043943,0.0362825749424488,300,"1.36245480142399e-12",24.4
9,24.6,0,6.68546575279349,2.4102996754323,2.32856187442039,4990.74037978199,0.0166536538453549,822.6,"1.99752482660476e-12",28
10,30.4,1,0.621396237376429,1.37988446651062,8.34579557278554,6851.10152110189,0.026694205486978,131.4,"4.02090709431062e-13",28.6
11,37.1,0,9.20662466020353,8.99277896248559,10.8145006279761,1425.90390616644,0.0212833164822315,1054,"6.70522472443715e-13",29.9
12,12.6,0,8.30570105938681,1.76811450205344,2.26913374324648,4720.10334546858,0.0279351617585168,951.3,"2.11143167874555e-12",31.2
13,62.2,1,4.56965430437312,4.31518917817359,2.10740834602605,2182.77981346738,0.0108288992376966,314,"1.43369066142329e-12",27.2
14,46.3,0,6.300202910853,2.11227098870434,14.4323989818316,1742.08778783155,0.0113762684321008,1144,"<1e-14",24.4
15,24.6,1,17.2925066926863,3.48483134352317,5.32356624541374,2379.43603650636,0.012577577911573,711.6,NA,30.2
16,32.9,0,8.16938693956189,0.942353777080006,3.98781128765537,4330.67181712626,0.0238232777627949,2518,"4.4518291481742e-14",29
17,11.9,0,2.059290998049,6.11709080704803,1.99213381587232,2257.50558330897,0.00807553941368369,1342,"4.21587470868279e-12",34.3
18,4.6,1,4.3356896973541,1.22666529099516,7.58598752852299,3888.45144471563,0.0106430051679082,478.6,"1.97436925507921e-13",21.4
19,14.2,1,3.37859896159887,1.99174555951251,5.14001916590958,3928.87065413997,0.00821936903053934,650.2,"2.61555602975696e-13",33.5
20,1.8,1,8.16587816846811,1.05407493227613,8.69806754753817,1359.27689945757,0.087689652544276,626.9,"4.8784081598668e-13",25.4
21,46.9,1,10.1374487855726,2.92360528898724,18.7772971286447,2740.78938196234,0.0724160907618629,160.8,NA,27.7
22,7.7,0,5.39776101170012,0.690215192202385,29.5442299545142,3082.4894783061,0.0245503613517714,362.4,"4.94260253446854e-13",30.4
23,33.2,0,4.03766196926563,2.05493844312027,4.65815102867531,6647.07241011389,0.0372756265826193,1511,"2.57852502674592e-13",13.7
24,39.6,1,23.7072980542633,0.786589820439877,10.4087199982451,1972.21089993224,0.0529804301691453,732.7,"7.05693697626083e-14",26.8
25,27.2,1,4.71208231874023,1.41758186469787,1.7331156085144,3181.25096974059,0.0237770587196013,983.7,"8.04244011613552e-13",35.6
26,4.9,1,2.93431748738611,0.92802047910261,1.82869834965404,2522.7131100301,0.0550932733993175,1004,"3.08148959838865e-13",12.9
27,61.9,0,13.1557886413971,1.66061010135097,3.47896552388813,3833.80713470265,0.0134993559227454,736.2,"3.09040438451353e-13",27.5
28,3.9,0,3.26000315089282,2.12961852893974,4.34343024834093,4658.29301811326,0.0349075207063884,829.8,"1.01566375823402e-12",22.7
29,48.9,0,2.57375621793633,1.3145329457547,0.940778332054223,3037.57014163224,0.0141572897520314,408.1,"3.76157147548996e-13",21.1
30,11.2,0,20.5105809787778,1.05753117051055,2.36552633481174,2320.29084530313,0.00620370599248375,346.4,"7.88943151797697e-13",13.4
31,38.1,0,15.5687094670644,3.12479362905616,4.45934687131282,6663.91431252341,0.0203862267874978,874.3,"1.18300942717417e-12",32.1
32,41.2,1,4.97065258217595,4.53188916122575,1.83479647307286,2280.65017134162,0.0626146038617807,666.2,"1.3281000876972e-12",19.1
33,57.4,0,5.97060636054789,2.46259893257711,2.48193007757654,8349.85193305265,0.027676879740001,205.8,"2.21237749739001e-12",24.6
34,28,1,12.4983648756575,8.95970212282363,2.82345788742594,7471.18303765238,0.0212542231776443,545.1,"1.63265201391226e-12",29.5
35,34.3,0,16.2114058682478,2.51344125634101,5.27470893092343,2775.55367270951,0.0132501483618969,2355,"2.0650354693849e-12",24.3
36,18.2,0,10.3996333796079,3.84887469243426,0.765478050412216,5074.06929517768,0.00802689269605308,556.2,"8.15840181044779e-13",31.1
37,1.7,0,6.65102921569764,1.18180570606254,5.42503038471767,2318.48176943876,0.0242151776789224,488.7,"9.26000797061079e-13",18.4
38,60.3,0,15.5437007658888,6.29914891419077,1.65568332550739,3461.45949706227,0.00927174718080869,685.6,"2.95797916147068e-13",31.5
39,37.4,0,3.45951143299897,2.62882732652585,23.2844671342087,9778.57756711717,0.0748528223133367,328.6,"1.08155126697721e-11",13
40,18.8,1,14.872573301362,1.87169992920621,0.940786570763777,6566.71771719894,0.0428804115588585,391.2,"4.20995500226782e-13",21.1
41,13.1,0,5.45637752136918,1.22640181366544,7.52163968771674,4259.59955313926,0.0276493951338243,496.2,"1.17465394331464e-11",31.2
42,14.4,0,36.4214890703346,2.42905667767781,11.8388906545522,4007.65683143531,0.0129053553198392,1641,"2.02049296261471e-12",36.5
43,39.8,0,10.2844779430578,4.87822796546935,2.67856454021519,1119.92626855683,0.0259936029586521,798.4,"2.77255865864379e-13",13.4
44,8.5,1,3.43506328314717,0.985960849480101,31.297724777191,1863.49265278014,0.0155773803770013,1140,"1.34305093656123e-12",30.6
45,54.8,1,5.24635931069174,2.84098152667689,9.08642838298581,5982.54104343504,0.0266676100511801,801.9,"2.54165917678824e-12",32.8
46,56.7,1,6.84826873436252,2.87761769578837,4.60879261509117,4234.97441691795,0.0103307905785779,295.9,"1.71524633812146e-13",37.6
47,14.3,0,6.32188670198957,0.81024196790712,11.2470612806793,2733.81838060633,0.0102984593127717,504.6,"4.67184930817234e-13",25.8
48,41.2,1,4.66320612043634,1.6980361044168,2.51404124162321,2190.10822872927,0.0131048160820144,713.1,"2.95625920402685e-12",13.9
49,61.6,0,3.72101235918642,1.55744451744948,8.71922688471635,5705.79897906746,0.0243257368340796,1111,"1.30667662416627e-12",16.2
50,54.6,0,10.2569034974483,2.7349240510035,2.5989637477609,7707.64344431276,0.0143222025234448,703.1,"8.31853958010755e-13",NA
51,13.8,0,4.41787663024452,2.58087512072469,4.49120458099528,5329.89194421652,0.0839030491051592,1118,"3.24873064900801e-13",23
52,4.6,0,6.91786649457567,3.36865693032625,2.63579387520996,2629.70875095493,0.0211030417475276,413.9,"5.04098118296877e-13",27
53,16.8,1,9.20984944627964,1.34363428526496,10.363445079044,1318.42353031761,0.0267612033722472,308.2,"4.84354777178077e-13",37.6
54,38.7,0,60.2490602615178,2.16812579762342,3.22127432525775,4010.47180658695,0.0134801942278339,726.4,"1.32648589016613e-12",13.7
55,28.5,1,7.94723945898185,1.0351275769559,0.879787436265585,1902.45213786099,0.0122190934867059,298.3,"1.2851145814915e-12",12.9
56,10.8,1,8.30484137386262,1.55541511604291,0.721834405068952,2897.80344122091,0.121774972037829,829,"8.76516451096246e-13",28.4
57,20.6,1,1.29118058092402,4.47712898121754,2.77093294993441,4554.8115174835,0.0568733367183691,492,"5.60518070528006e-12",12.7
58,40.4,1,7.69232403258509,3.3714752668712,8.0190990700829,1722.61260003608,0.0350937059635865,1452,"1.81271623226201e-12",13.1
59,17.2,0,3.61074414729624,2.77202514025088,13.0189901039246,4126.23771558276,0.0250652966905878,326.5,"2.31721167112588e-12",36.3
60,33.3,0,48.0501266799473,1.08703443722521,15.5733560285591,11023.4719332105,0.0614154181228447,1577,"3.60339226980534e-12",36.5
61,56.2,0,8.30842770364863,2.58880604885915,2.70908977750436,2444.64820167809,0.042481923925437,867.9,"5.34815076646446e-13",27.6
62,63.8,0,4.55782782627716,3.09687950467369,1.84830432876785,3297.03916502016,0.0798946626436669,679.6,"6.42510319241386e-12",25.9
63,34.9,1,7.45537648892176,1.05114653882525,6.26747281747056,5510.67290344672,0.00733212926020736,329.2,"1.49674523951208e-12",30.6
64,44.8,0,38.5475279263531,2.16534794171284,5.98202813375365,1377.34796627794,0.0288071375194102,581.9,"1.66222522282298e-12",16.7
65,27.5,1,9.89734399078785,9.02994040646647,8.26593208081025,2505.2535323808,0.0911650622052363,292.2,"2.90673043944706e-13",25
66,25.9,1,7.56088272725346,4.31943317315989,6.86799570534006,2452.81349797141,0.0185895769533161,649.8,"4.37882085422702e-13",27.9
67,34.3,1,3.09097876800175,1.02062576567437,0.581901560186435,3794.26172901477,0.0291323222081334,601.6,"2.53444106315312e-13",23.2
68,26.8,0,15.2429080869189,4.83522793607064,11.0919020752645,1206.30937297621,0.0233612197704473,702.9,"1.11149726241123e-12",25.3
69,45.2,1,6.1006071716138,0.847029071565652,6.98057333888626,6477.02807697608,0.0118128779847603,546.8,"6.17875730016765e-13",27.8
70,15.7,0,7.15390333080302,4.59793638548075,2.90179401589084,13438.0663758857,0.0137975991420792,548.9,"1.69587979715898e-12",14.2
71,11,1,6.06398008759512,6.81002913046761,8.86315939937533,5004.5966750469,0.0129364526146379,935.9,"3.1653310840326e-13",27
72,7.5,1,3.35990878448917,1.05353091468342,0.7277649625698,2424.25961944497,0.0190199809637313,1164,"3.28810340862762e-13",20.6
73,4.4,1,4.4359497482781,2.76595867454288,8.14975608741871,8552.67553131313,0.00557626707221934,1240,"1.19353102982633e-12",22.7
74,22.5,1,13.1386497192687,3.54997515333272,3.37378599151552,3930.79816864811,0.0193198508156857,752.6,"2.1634870770414e-12",19.5
75,52.4,1,40.7862309309132,3.94454577117655,9.80479047072069,3491.57415159025,0.0281058678475783,725.8,"6.58638379665407e-13",29.3
76,9.7,0,23.4892170152024,3.1962593603627,17.1770217325408,867.296513567848,0.0197133876434523,479.3,"1.88073849418889e-12",17.8
77,26.7,1,13.0019576226828,1.32911600396793,2.47091285560785,770.69538087416,0.0329831634810737,773.4,"1.12000400280314e-13",21.2
78,9.7,0,31.4113812276311,2.31739475627841,3.41312845381852,5013.90099207178,0.081085078427178,1418,"1.40843830878167e-12",18.8
79,53.2,1,5.33363584213432,2.45565717236629,1.87642406542466,1708.66862406486,0.0178202492848267,722.3,"7.56760391105423e-13",23.2
80,5.3,0,3.10831168915901,4.33796283779798,0.819625392413486,3494.63915652576,0.0195454627048472,279.4,"1.55645994952446e-12",22.7
81,63.4,1,2.9915493304277,9.06280805906387,1.20924585653665,5078.96145997674,0.0448721162534723,265.6,"2.71121367019593e-13",24.2
82,45.2,1,13.0129574120665,5.12595392820299,3.04787074887767,4345.69382691966,0.0892237431535844,522.6,"3.15491710217255e-13",25.2
83,44.6,1,10.7689648120073,1.49309987963802,4.21060823445471,6135.33903050264,0.0208533108868551,645.6,"5.87680535608633e-13",37.2
84,38,1,4.17960025940261,2.0236282160455,3.50184990656771,9742.12896244376,0.018125365757036,401.7,"8.46481218090963e-12",26
85,47.6,1,4.49748377959098,1.128586985257,12.1116683132466,2205.07175123445,0.00953287938664397,497.7,"9.32679136047109e-13",30.3
86,59,1,3.73836578264123,3.44313272559981,1.93490250361747,3774.37037918893,0.0219667161079301,1553,"7.05850405329197e-13",14.1
87,62.8,1,49.6532541924336,4.1964701730495,9.45680565563753,1608.75513345326,0.022740622205076,576.2,"1.08031606305656e-12",22.6
88,50,0,5.81453962824127,1.35589676420899,8.90668409688498,7160.34134188349,0.0136892186799831,487.9,"1.51833492000955e-12",21.1
89,31.5,0,3.00147766746095,2.21533739006939,6.52339473856072,1070.5647193851,0.0400807164402372,1435,"2.37155730718991e-13",37
90,3,1,6.3907019476914,0.609561470308908,5.18226027385602,1193.91266146357,0.01219529335573,1572,"3.03927217374221e-12",30.7
91,46.7,1,9.28418242459909,3.65253643547343,7.937108002062,3429.93574366839,0.0162249498077285,293.6,"1.0950525976171e-13",19
92,58.9,0,14.0666740955352,1.12869154085547,4.21651617659583,1220.08385563149,0.023607958397802,482.8,"2.51203174515754e-12",36.6
93,60.4,0,1.03062267599837,7.47734316437421,8.32884357413242,1683.4871669238,0.0174515419331973,302.5,"7.82983511015997e-13",24.7
94,4,1,2.68550441193919,9.09497373850319,3.35324440815658,8247.22127389855,0.07701616229347,468.7,"8.31521625884623e-13",33.2
95,45,0,5.99313210332427,1.58509560149561,3.82299111951705,1806.52532622489,0.0377954934369431,596.6,"1.12952624077645e-13",23.2
96,16.1,1,3.81234793255625,3.68263008872906,13.4760193452596,6918.15126051344,0.0343438905838024,1422,"1.78402415890313e-12",26.9
97,30.8,1,1.98144554402833,1.35013549209253,0.614718466821024,1881.05128328161,0.0181296207221298,536.9,"2.91242382585048e-13",22.7
98,50.8,1,26.0279473378173,1.64414782168656,2.91380060008963,967.232030501021,0.0133145107562004,300.6,"1.29520219950929e-12",31.1
99,11.1,0,11.9076045186348,5.38405532053597,2.63043981327132,1500.02536825044,0.00895300745528018,444.4,"8.45540415975564e-13",22.3
100,52.1,0,3.20656415306113,5.5944052849772,3.09835317424066,2085.67214575823,0.0405885524512421,422.4,"1.70102164799618e-12",12.7
101,56.9,0,11.803595298487,3.97180217682794,3.44635180416477,1786.69988562922,0.0216711121352555,625.5,"3.07318646008459e-12",NA
102,54.9,0,4.01650478739412,3.40059826881991,18.1465740899186,3677.77459403881,0.0260145412620848,559.3,"2.7510280108491e-12",19.9
103,4.6,1,21.4540981915489,1.49465983239647,0.952925194851607,1989.7311116283,0.0395515360731992,560,"6.22668808381822e-14",32.5
104,46,1,8.7764003123203,2.87454024956963,9.05424307003904,3739.03760631983,0.0165421507902844,638.2,"1.99155707815912e-12",12.3
105,12.8,0,7.87871268838895,4.94575415449749,3.65093064491494,3229.80710996622,0.0228798589791956,474.5,"5.16901354755887e-13",37.5
106,51.4,1,48.7588339351058,1.98872507299103,8.10922784500224,4537.30404453751,0.0196995104142311,492.9,"2.53571533099902e-12",35.8
107,31.4,1,50.947534103862,1.58120093304988,16.0512438202929,1171.19192419662,0.0213970377736739,1382,"5.43696020046814e-13",28.1
108,56.4,1,8.0252987889987,3.58674816744117,8.02772425469671,1579.14828202047,0.0120262847425048,418.1,"8.94600846937005e-13",20.9
109,0.6,0,8.3798208001231,2.28358051205243,4.74586445161874,2204.61355034866,0.0116348975641064,548.8,"2.90929681785571e-13",15.9
110,35.3,1,4.01640516610298,2.1745742884228,12.8299413252238,2432.39630826135,0.048067257559066,654.7,"8.18927332209197e-13",37.8
111,2.7,0,14.4626237256268,6.26872307831166,25.7230270124579,3319.26536189145,0.0282181186770208,1038,"7.60187184059496e-13",24
112,46.8,0,5.26988289482829,7.9910449605798,4.7866062793082,4376.21602971475,0.0298707524766162,364.1,"4.85208099166912e-13",20.6
113,50.4,0,2.74463342464902,1.0791350980443,0.991733608119947,4284.23731051421,0.0105263257540475,525.6,"2.60876600260851e-13",31
114,62.5,1,9.89524278760418,1.50461051539663,0.574354223370853,4498.55504311704,0.022427082458099,259.6,"1.64320307531411e-13",17.7
115,4.6,1,6.52224609064305,3.7700165295262,0.460080482314543,7064.81552872714,0.0170068742393416,469.8,"7.84037114202181e-13",NA
116,23.4,0,9.94870557400069,3.11626588370796,3.4931019048735,4335.15894989519,0.0403511396308396,442.5,"6.62274971249333e-13",31.8
117,58.2,0,50.0940837067899,4.91638390938659,14.7412382905501,5464.66464752893,0.0256156778437676,422.6,"3.19547735407709e-13",28.5
118,22.8,0,1.80821178889471,3.22295732050326,8.91692832647346,2487.24111151624,0.0183598602570388,812.9,"4.26683101004855e-13",22.4
119,6.6,1,9.02818297283443,2.70631224167351,8.24962926989655,1471.5723443316,0.00605383974344998,331.1,"5.73684298254378e-13",16.1
120,9.2,0,2.14107926927272,1.52218029175875,2.44034789424126,1727.72064701211,0.0107820096296323,259.5,"2.24357938612852e-11",21.9
121,43.1,0,2.93893664252518,1.84047233894835,2.94617579843726,3838.80012262006,0.0120680072000858,781.8,"9.25007642146414e-12",32.7
122,8.6,1,8.15517985070936,2.43900907647052,2.04228686725493,2843.44317721631,0.0260397821790022,240.5,"3.82813242487501e-13",18.5
123,57,0,14.9430441578784,1.18253161560105,1.89520472416526,783.967703658561,0.0197091440255102,582.6,"3.40730489344086e-12",18.8
124,55,0,1.58029528262982,5.83965776842999,25.0184479315942,1879.94613822133,0.0262256715989815,1203,"2.62617233586788e-12",25.9
125,38.7,0,10.5935474785818,2.71506128906501,3.52974600669027,1032.72988603914,0.0427690340224004,459.2,"1.6654228109528e-13",30.8
126,29.8,1,7.59868271555004,1.90304535689513,1.35825008072954,2000.41179151134,0.0258508217464272,427.6,"5.05654817071513e-13",26.2
127,43.6,0,10.821352234465,1.85834046728618,3.401609560441,1271.82309856051,0.00865559295505283,458.7,"1.84405752399642e-12",24.2
128,46.3,0,15.2623672355881,1.7303906355043,18.5364378691213,3220.15419107903,0.00927495823730213,2157,"7.56293404275645e-13",36.3
129,8.6,1,6.95880456623422,2.52290589846399,6.22688736840546,5147.98198870633,0.0208161244848793,310,"1.613617581541e-12",13.5
130,55.6,0,20.6003636982431,1.79290971070386,3.33371880078072,5948.28216738769,0.00833884166184097,154.3,"5.87840550187852e-13",13
131,9.6,1,12.2093033684811,6.81082159615479,4.50682717062095,2233.78920749267,0.0273985819875081,804.4,"3.14876228662603e-12",NA
132,28.2,1,40.1273160895272,6.75372305299525,18.1589601681436,5188.1311965098,0.0210993781824651,448.2,"2.42737652309564e-13",27
133,36.6,0,8.84948898294316,11.3418503784565,1.97320817237722,5032.55784417228,0.0451081013280778,517.7,"3.57549087885342e-13",15.4
134,48.8,0,13.1740693891187,3.22198522470243,0.649310751219174,653.131148109523,0.0178058847029639,525.6,"2.6626774412198e-13",31.3
135,45.5,1,8.27125696915151,1.69434125372428,1.3289560393946,14391.696000088,0.0593668878888651,496.6,"9.09136946625743e-13",21.7
136,36,0,31.3355663162831,6.26472849953305,1.32261680713009,3284.35515747135,0.00823854674416786,1957,"6.08879728565505e-13",30.9
137,33.9,0,4.38699946698179,4.31377150834113,7.11884243329203,2657.66678374086,0.0263763147107807,816.1,"1.41407378780109e-12",27.7
138,55.7,0,11.0344952131983,2.7139483163063,3.76114059330166,2766.91190973533,0.0249224714669709,841.9,"1.81525477961303e-12",13.9
139,9.2,1,3.56091553430532,2.00503401161714,3.59104733509704,3243.22626924541,0.0264048542413074,873,"3.50979135793645e-12",36.3
140,52.9,1,13.5223479903335,1.72066191526777,2.96878316000475,4071.23382459151,0.0148854093514412,1110,"1.34422471729414e-12",16.5
141,36.3,1,3.94330446434025,2.32071822452901,12.1758940713485,1826.84094586402,0.0293843421678931,628.2,"4.8851486312496e-12",31.4
142,12.7,0,8.02124495363328,0.626894155838181,6.65942111376588,1281.25457703656,0.0211438868536873,374.3,"1.57261503609708e-12",20.1
143,28.8,1,3.36389841101515,1.27911864799684,8.11916653151256,4869.32187679255,0.00578220539592777,436.5,"2.026124558174e-12",17.8
144,30.5,1,1.50567740195408,1.30405910286761,0.258670423013017,2277.8123714688,0.0107784432136421,960.4,NA,29.5
145,7.2,0,4.14863135609427,8.78636448247802,4.0109105735742,2576.89777853458,0.0382786658389713,403.6,"6.21870697492027e-13",33.9
146,24.6,1,17.0723853849791,5.36795535762243,4.93288918967011,3767.27229065717,0.018137157874374,268.7,"2.10836771855098e-13",33.6
147,18.6,1,53.0498232352319,1.24844638491713,2.25353506384981,3951.25515212101,0.00867535147447189,763.2,"5.67293713682251e-13",15.9
148,38.1,1,18.5798688545613,0.916905405305445,3.09166196084043,12651.2085979131,0.00691064571926135,750.2,"7.99139096230143e-13",18.4
149,29.8,1,36.7876883006731,2.22130695084883,3.46476852990465,2386.66546872189,0.0215761624319026,431.7,"2.17444461414995e-13",25.3
150,27.6,1,9.36309712140379,1.06119724771585,4.471985602544,2967.09341608056,0.00727736645390245,1219,"2.96132468401912e-12",27.5
151,42.6,1,5.49896618962969,2.71992828110187,0.616761070862238,6601.92725071158,0.00776409717294682,1323,"2.82205201796435e-12",29.1
152,27.8,1,5.81600023036082,4.62949681562207,2.84032549989171,2586.26549385244,0.0159808234316154,549.2,"8.73437868508587e-13",33.5
153,15.5,0,11.989415328081,1.75676140663373,13.702355215175,2950.89656996216,0.0636495376148064,347.6,"1.98935279485981e-12",17.1
154,63.1,1,13.5016022726134,2.36822655179817,6.59959353009291,3004.06193525135,0.0177482710386752,266.8,"1.78163973024944e-12",16
155,9,1,2.91705270496015,2.61571730634665,4.78833789207014,6447.55806330278,0.0183213305218132,645,"7.05725834725768e-13",15
156,8.1,1,13.9135234776674,5.83766855940388,8.47724106173773,5700.23339827108,0.0435617530825715,1175,"1.39871002791318e-12",18
157,4.4,1,4.19475897997109,0.786955644780336,9.67916796371981,4057.90324752219,0.0224444359443803,375.2,"6.04786216587991e-13",19.7
158,34.1,0,47.7197689014703,6.95042859787196,1.71268225782588,7840.54788005683,0.0153049997997352,905.4,"4.03867238114594e-13",33.2
159,61.2,1,5.23014167275788,4.46467024107638,1.82983478907485,5548.57459170495,0.0324575960807334,341.6,"3.12732751179159e-12",21.8
160,8,0,4.97558510506301,9.17141770623548,8.3425700985032,5613.07116284233,0.0410999837350941,837.5,"2.4178536191059e-12",28.8
161,2.9,1,8.73103930344707,3.5882134879275,42.1804731355843,2282.77711369805,0.0340897473481285,768.8,"1.32640389820409e-12",13.4
162,48.9,0,1.79499069806614,3.51985238085597,15.1908718103109,4413.41145541328,0.0174523593137726,801.3,"8.52558767690868e-13",34.5
163,37.6,1,8.31673964090015,2.52173673804509,14.0504721636688,5038.15517604647,0.026590387197949,502.2,"1.58476344276476e-12",22.7
164,1.8,0,8.58496993521008,8.78669322185299,1.55538623038541,3492.11755186263,0.0210132190978194,562.2,"7.30134667352067e-13",20.3
165,43.3,0,24.1751366938344,1.90348386272568,7.50608992161894,3085.91257030464,0.0182905302971043,650,"7.64098890748005e-13",23.4
166,4.3,0,12.4103516617114,1.7846594736011,8.63628907885826,1825.065378315,0.0056327215362546,867.1,"1.4312903094129e-12",17.3
167,36,0,39.788195910331,3.16282245626115,1.48510522334653,5468.71536111665,0.00712712709905425,996.3,"4.09889645645098e-13",29.8
168,35.5,1,6.34015979735288,5.5910115495624,2.23925484219979,7141.9051352684,0.0101779303453318,566.6,"1.82206669845508e-13",15.1
169,22.1,0,8.43316306633235,0.826185824648688,4.14771629250187,1748.83309436006,0.0135915883793975,359.9,"1.45057102494815e-12",12.9
170,54.3,1,8.89523484098051,0.996443366491029,27.5635331626254,1547.84214216412,0.0772798068283196,1045,"2.03485138022911e-12",29.5
171,23.1,1,5.53425727267055,3.69137395101604,3.00948740777201,788.129174642325,0.0185894633401697,764.9,"2.65903215463302e-12",33.5
172,1.9,1,3.69483653414492,2.61453454213753,0.823451179833815,2444.69633513059,0.0186275133321822,610.9,"5.3713134922841e-13",12.6
173,64.5,1,2.57523845954611,1.63044658010327,2.50348011371334,5748.02055236346,0.0119955660206321,1352,"2.48013487479005e-13",28.9
174,21.5,0,11.8033034315227,1.0158581166018,6.59030834659325,4135.54668108225,0.0259334016665129,1347,"7.69517432766127e-13",32.8
175,3.5,0,2.60743769082579,0.784701259187015,2.43290001785333,5652.2737039827,0.015799052317945,1637,"1.2793914799718e-12",NA
176,55.2,0,47.5728903138525,2.5971898971507,1.32661654559236,4477.67177418887,0.0205306324229953,421.7,"3.41926346194927e-13",28.3
177,46.6,1,22.7736516338927,6.37460095907215,1.50769950977487,2164.04549524504,0.0273992803794745,371.1,"4.23595916598555e-13",29.5
178,58.5,0,5.11372174953986,4.60959928872065,3.27504736309875,1757.09802015135,0.0140294417416393,568.1,"7.57940052634087e-13",27.5
179,62.8,0,3.3510385416435,1.1462044941155,4.7707087269675,1331.51632938932,0.0139849048541774,984.5,"3.0439149718591e-12",26.2
180,59.4,0,38.0010178981417,2.2195627498759,6.43507327198075,2519.38218432159,0.0210159936055399,577.5,"3.99483476006662e-13",33.1
181,52.5,0,6.99303722996639,3.11408868496003,5.76491878130251,2035.07997398506,0.0196217789929968,904,"1.00299477025515e-12",25.3
182,52.4,1,13.7600475671077,2.20759294205187,1.20714350100011,1815.24572483351,0.00803646567617679,747.5,"4.02538477348691e-12",25.9
183,42.6,0,11.6729996415244,3.49232335185481,1.21095597835293,2376.7750365783,0.00712017877035734,937.8,"1.39673444013451e-12",36.6
184,20.3,0,4.46621153698556,2.85795706113342,15.7474448500973,2528.17275357141,0.0167024824380884,495.5,"1.18599168183593e-13",13.5
185,16.1,1,8.01732584880848,2.59019750608937,5.54562318070905,952.264101415717,0.0166276971696778,616,"8.48392469129396e-13",29.9
186,40.4,0,6.10499136584624,0.613672831711118,4.04788237273406,9414.74052735645,0.0065079395620598,232.9,"1.91636155801251e-12",35.3
187,59.8,1,3.53956947130023,1.60083894809283,11.5054577995144,1315.99077528952,0.0582624413523253,528.7,"5.33210180193027e-13",24.8
188,24.4,1,1.28877745999173,0.405689332969337,0.716904643201191,2741.88395134139,0.0274954565205313,1446,"1.51269777248753e-12",22.9
189,21.3,0,9.1632603279569,5.31271191435486,2.8642243050715,4761.59984028662,0.0140572684197014,652.6,"1.56118464368978e-12",20.2
190,3.8,1,2.28070716019533,8.23114858875438,1.88395125697327,2416.25413123459,0.0349176857550027,811.5,"8.34507377924304e-12",17.4
191,15.5,1,1.84365628435228,3.80911906023545,19.0722234374107,1377.282250601,0.0315737813696962,620.6,"1.72682738842649e-12",24.7
192,35.4,0,9.32746157642772,4.70794746577011,1.1810655349136,5755.98565222779,0.016837472706448,761.3,"8.32714305711675e-13",22.8
193,22.3,1,40.8350377715518,2.106454582478,4.90825111685308,8647.39000401078,0.0322352294946331,321,"1.33099814180121e-12",22.4
194,32.8,0,5.07078014784155,2.45492262362583,2.75301232662095,1816.27332677866,0.020023063472367,266.1,"5.10965131442732e-13",24.6
195,63.7,1,14.875499253788,0.944522632477302,3.73108491939668,3550.34284843608,0.00627181987309614,728.1,"2.0630680365727e-12",19.5
196,23.9,0,14.5439519346103,6.85448921633677,3.03602347332473,3718.99705743979,0.0258365891413837,574.9,"9.26906749777334e-13",24.1
197,8.8,1,69.9995214347257,1.84030299568632,6.3086841777102,1278.59342715265,0.0174214104424362,535.6,"1.72122705622436e-12",18.5
198,26.6,1,16.2822238308037,2.1074837988015,4.01330265862629,3329.80714953604,0.0202207720520915,830.3,"5.03432640807649e-13",21
199,40,0,2.04439810360244,2.27043546609481,9.8065339966132,5387.8290061772,0.0144094987252382,323.3,"2.44286199761687e-13",23
200,22,1,7.88199944733536,0.552158953929053,10.3927846857872,4412.75008812205,0.0148418455543532,461.9,"3.63133107879465e-12",15.4
201,20.2,0,6.19209195003627,1.01227792659716,6.51064760209627,3130.29388127129,0.0658717393273668,358.6,"2.31985235376746e-13",21.4
202,4.5,1,19.9412773786313,6.62269140103058,1.18752864855337,4322.66700177543,0.0286369561700398,2521,"1.14435220070539e-13",28.8
203,25.4,0,2.82705514584763,4.21437166215978,0.514706930838605,6295.78529527037,0.0170755497637522,333.3,"2.34550148910976e-13",34.9
204,47.5,1,6.93108377574832,4.41409975383207,3.13498648360791,3669.68941970044,0.00631051332027932,813.4,"1.17713378132271e-12",17.7
205,32,0,36.6398035981743,1.54890431446401,45.6559927824945,8468.5859757517,0.0246660292341139,235.4,"1.57814861981341e-12",34.8
206,16.5,1,7.01355747996866,3.47775384003142,0.278044877368661,1903.03317274571,0.0150826090608568,396.3,"1.87928835538775e-12",21.3
207,1.4,0,7.70005861334682,13.2950646898981,6.53828177608477,3829.48847453557,0.0240583830639946,339.3,"4.56000774450812e-13",15.3
208,15.2,1,5.84689809651123,2.79893062587997,5.30192780045621,1643.43122935522,0.0260803852655298,531.2,"4.16458123829602e-12",14.6
209,59.1,1,9.74491182870096,2.02242773915486,8.90183751085075,2933.64456707852,0.0160550889224848,401.4,"2.70357438358494e-12",31.2
210,5.1,1,2.34183539109299,1.4016455143448,2.29216780801184,10845.067611614,0.0204629894937063,533.2,"1.41582211545097e-12",35.7
211,54.6,1,18.5963027102541,5.05734588717665,3.08247619310972,4888.79010308351,0.0159397042630978,558.9,"3.39541229223114e-12",14.7
212,5.9,0,7.05605728174339,1.04030942522305,14.3626211188404,4787.29803192739,0.0178918867332052,1288,"4.93773489090567e-12",20.8
213,18,0,8.36915495980868,1.07054207448545,1.19173869689485,1060.31133222738,0.00750852798172313,325.4,"2.77323464632037e-13",31.5
214,10.5,1,3.44019397300431,1.90288194095213,1.8948416975148,1403.48345990046,0.0254582843847028,238.3,"8.69444781585259e-13",17.4
215,59.1,0,17.5460237554158,2.54177829253644,5.3339105169713,3645.35644332826,0.0181897312365902,936,"6.17156008789114e-13",23.6
216,64,1,6.93411912394617,0.360978644501433,1.66794942385596,6927.20043211814,0.0372359306987734,580.7,"8.7762394398358e-13",32.1
217,15.9,0,15.1881365564157,1.07947031941225,13.1728431924649,4697.25776280276,0.0361238267391705,992.3,"1.40392842045987e-12",20.8
218,3.4,0,22.7476578913396,1.05947795037105,1.23969145965195,1859.55066915872,0.0288708424629532,292.3,"9.6621747096033e-13",26.1
219,9,1,10.4773608304926,0.522705358469173,4.53538483947674,2126.97230671206,0.0196715328886833,829.8,"4.63167321335353e-13",30.5
220,40.8,1,6.6999846556494,0.625024634790693,1.06219701135405,3281.55047117939,0.0339289527203364,1901,"1.27023633718477e-13",29.8
221,56.8,0,4.03358106286923,2.83794513823053,7.99809601760263,2382.11064661239,0.0541312536778589,323.7,"<1e-14",26.7
222,40.6,1,10.2565120877288,0.200649301141689,6.84044573450596,2349.00952360068,0.0500200943409968,1074,"4.02821800251347e-13",31.6
223,58.5,1,20.1405803359677,1.25243464698093,0.415166670447573,4715.95969723177,0.00929119550150439,421,"2.16791109627838e-13",33.5
224,29.3,0,2.69279378543593,5.26831058248176,8.28916291810046,7526.16346364161,0.0109548372166883,428,"1.09932092198935e-12",36.3
225,30.6,0,9.86841568591288,4.6704797673274,2.00427928377938,2081.42499635474,0.00795172171109822,724.8,"2.04605754830362e-12",32.8
226,4.7,1,8.07451510070719,0.527135687971331,6.76819120873671,3762.00844843208,0.00607930449280378,3302,"3.78320192367836e-13",12.1
227,1.5,0,4.72946789350472,2.32346738163472,3.43618642707921,2131.56110718363,0.02958492150603,323.1,"1.07130726276101e-13",24.4
228,41.1,0,14.6098904338453,1.61460629177676,2.02977232259423,3750.08897235521,0.0418010496459708,672.7,"2.5111899874784e-13",18.6
229,30.8,0,18.2688934410898,3.04167544324475,2.66200439543593,6243.91687813415,0.0097778441352025,750.9,"2.62847225111115e-12",29.3
230,48.7,1,3.74276605885224,2.40232989814783,1.28345366377307,10956.7135138872,0.0202351865019805,131.3,"3.39022225835309e-12",32.4
231,63,1,4.29029315178391,2.9870379781128,3.72824162229367,2713.95582234067,0.0158907564838556,510.7,"3.22028759911376e-12",34.1
232,43.6,0,11.9289586459206,3.3196458642111,7.74809247731666,5053.95615674699,0.0505811843119707,147.8,NA,37.1
233,44.7,0,4.86870720544733,3.28996220769591,0.0881056944072992,7897.44480391533,0.0209536104093817,558.8,"6.72317989625848e-13",34
234,33.1,1,35.6082439888233,1.01301415527671,2.27263080187879,3563.36711639538,0.115904835611087,269.1,"6.60252147765813e-13",21
235,43.4,1,5.37640244309788,3.30049998273866,14.175646590475,2813.15767258749,0.0234861900649913,749.9,"2.12243923785012e-12",22.9
236,45.8,1,25.8987739500247,2.91272856910129,4.49870883485319,2749.87441744375,0.0191291514961635,768.8,"3.2981841620362e-13",15.9
237,30.3,0,7.21343698766818,4.68531253411104,13.5606914657739,7196.01410477011,0.0128041783322223,1455,"3.75005584567101e-13",31.6
238,2.1,0,5.59634797861762,1.48399953454382,26.4576924957474,1013.87041768915,0.00438656598130324,475.8,"6.52382820442764e-13",13.5
239,64,0,14.381633250775,3.87535696492968,5.59909175663279,3878.01225129573,0.0245629678910948,280.5,"1.06993320261074e-12",22.2
240,39.5,1,3.85681329623301,10.2435572826489,2.61681554479116,2235.70101364288,0.00926633635923199,774.8,"3.07787644765357e-12",30
241,35.6,0,11.705680080354,1.52415144325114,9.42448177601143,4113.69241811496,0.0105215808335858,792.4,"5.56850425152135e-13",21.2
242,59.1,1,30.5439779253628,3.67703368930603,5.69605848706146,4124.07856651355,0.0259122688555735,592.5,"2.80213780188752e-13",30.6
243,48.5,1,15.6103486898914,2.36912064056188,0.481721070090813,1654.08901890409,0.0136654324627095,394.3,"4.97639829673039e-13",22.3
244,1.1,0,4.10816538961736,2.84477692404933,9.47300730108467,2628.89988744054,0.0110644936673887,589.1,"1.79649049119683e-13",28
245,5.3,0,7.3325957221915,4.72718744597969,15.3497519648277,4635.02203253766,0.0148620256137566,988.3,"2.01923887086533e-12",14.1
246,22.5,1,16.5234299699227,1.15061596756976,4.45237475938924,6688.7695502968,0.0423428522423418,589.9,"2.29246345011606e-13",33.8
247,27.9,0,2.75733865738276,1.87652571590818,7.7218085910509,2585.97221702543,0.0345972355235189,852.7,"1.36275370623311e-12",NA
248,17.6,0,9.23464471359317,7.60643997777894,14.6166136650995,7427.56572356309,0.0175595604514146,533.5,"5.78707088196303e-13",24.6
249,3,1,7.75413075608634,1.1941087975639,1.56996455310223,1379.28734618745,0.0191514889710028,641.9,"7.61287395381096e-13",35.1
250,20.7,0,6.82357962130419,6.80629626308132,2.91955537478649,1247.22705580297,0.0112824162244182,1538,"5.4901338516643e-13",21.6
251,15.9,0,2.38339482858342,0.567935119194972,1.11239745159315,1880.64353361526,0.0500140415992259,528.2,"1.41229158643806e-12",29
252,1.4,1,12.9344578278401,2.82163384936989,3.34007767469906,1606.92032222481,0.0135350391089587,574,"8.34598625939577e-13",31.5
253,26.1,1,26.1867853979021,1.98905379825309,4.43618303628302,968.203750272069,0.0429238944878859,135.3,"2.31527630827256e-12",33.4
254,28.2,0,45.4962596604424,2.03971156717255,5.58055205259543,2129.66396706468,0.0613989086960805,804.7,"3.27957384209302e-13",29.7
255,3.9,1,2.22151025942081,4.87678967518487,1.68626053064956,2864.84238934196,0.0425192021476763,657.7,"2.51042234027197e-12",17
256,36,1,3.15184927503225,2.12388702007428,1.5980161170432,3793.42304942692,0.0269362484548549,513.8,"6.57332814603945e-13",28.7
257,20.2,0,2.19732248288154,0.803893957253284,5.9103527535791,3108.61055870653,0.013452952740563,1014,"2.50680531487429e-13",21.5
258,35.5,0,25.188537012552,4.7189037913498,1.93545987425603,1869.53107265349,0.0247738905243506,497.2,"3.30070010663503e-13",31.5
259,40.4,1,6.25547382029447,2.41484492022852,7.35658578983814,1835.05694769834,0.00874260688667346,1185,"5.93440472555276e-13",13.9
260,61.6,0,12.8477249077169,2.16786195804128,1.9435889682989,20893.2590488942,0.0155927724599875,489.6,"8.02867945403312e-13",23.8
261,31.8,0,10.6191138388718,2.02972184335325,2.38852056359313,3649.91696575167,0.0380472654969258,710.2,"2.23464250538089e-13",26.4
262,57.3,0,3.85651385257906,2.55204401328204,2.25078918351977,2430.07523829745,0.022960693653042,442.2,"4.88256650906272e-13",12.6
263,64.7,1,7.08700205389357,1.04723441169,2.53164258531355,10313.2728426231,0.0308601808239551,714.4,"4.17938784111708e-13",18.2
264,13.5,0,4.84768619557631,3.28214355647179,12.7708991985161,5012.08523679833,0.0387055463490177,411.6,"2.28108903060101e-13",15.8
265,39.5,0,6.04051401048441,1.53573714683476,2.82897330246756,3591.08090087456,0.00570476246956237,1584,"1.71349299273189e-12",32
266,10.9,1,4.97995758327814,3.45688715553414,5.81143533579734,2755.86411464136,0.0189166514550526,657.5,"1.16270796115067e-12",37.7
267,46.6,0,9.10890213265894,1.61161225341728,14.2970076044395,2105.95206152227,0.0152886251407358,532.9,"1.4773505875324e-12",22.7
268,30.4,0,9.51161004933254,3.95754882541043,15.1917875815726,3875.29531988361,0.0339910892010781,233.3,"2.17082882352164e-13",13.4
269,14.6,1,8.24315115292423,4.00458228031112,12.0387184148988,6734.80593054335,0.0161752156215475,1082,"6.52530362851243e-12",21.2
270,2.4,1,28.5310936598798,5.22443891700946,4.25440103456053,1027.3132615978,0.0262358281767847,1098,"5.42750893376497e-12",21
271,50.6,1,21.1669061686115,1.64210707081406,1.09231315975483,1790.29342088044,0.0122036853226686,982,"6.80501799306248e-13",28.4
272,20.4,0,8.37515111489902,7.91438682349539,10.0060719694191,4556.41627765634,0.0137977523102812,471.6,"8.15059277622006e-13",20.7
273,2.3,0,2.82148834448057,4.37312984356593,4.10944742298693,724.12897684536,0.049346951766178,789.3,"3.51407327575981e-13",37.4
274,45.1,1,13.2667970941187,2.86432702555658,9.60779743874257,5602.71137868385,0.0098429869460072,491.4,"1.2270733749116e-12",29.3
275,28.7,1,14.6871679162494,1.67156422760676,1.61205102640383,6407.05734520708,0.00643959188043903,237,"1.03427741278622e-11",33.4
276,59.5,1,15.8685797488101,1.06341372164923,2.14978673521886,1989.82869320617,0.0168278213519226,933,"7.01929864321191e-13",27.4
277,24.2,0,7.42460149312095,8.3059535896448,37.5476983126395,2854.15477721294,0.0288529333594004,267,"1.51995793878554e-12",15
278,36.7,1,7.17615683223055,2.48914326752225,6.73189972322586,2835.65694904696,0.0432775497371097,614.7,NA,28.3
279,16.5,1,3.34305110648721,5.27367527377556,44.7557251971169,3619.9777090174,0.0235919486138548,918.3,"2.4499478444002e-12",17.8
280,30.3,1,7.35426569824654,5.5080031173835,4.75038033041638,1212.89895246293,0.0343470220453055,211.2,NA,27.7
281,43.4,1,15.2839508014769,3.41145287576503,0.414432427873969,2012.17099070416,0.0181311109000012,972,"3.8473509647935e-12",23.9
282,60.3,0,4.1018203959839,9.03394400225475,6.10969950297916,3174.03342976994,0.089405844348744,576.2,"1.14214910884772e-12",26
283,22.3,1,6.72690089745575,5.73691851103913,4.5522041178399,2376.86939130505,0.0108387931588803,672.3,NA,28.7
284,49.9,0,30.4166574346944,2.96719707435812,7.8718246949392,7257.33003139705,0.00981784203906798,978.2,"1.61690621184997e-12",13.8
285,4.2,1,5.14006067012783,1.16646477568219,1.06956872325654,580.320884224641,0.0175292029289922,517,"1.65320824297249e-13",26.2
286,14.1,0,13.9693893296436,17.0146261770587,7.25857903502589,40821.127462455,0.0834405286998105,2543,"1.68646088947179e-12",20.2
287,54.9,0,3.87500371400009,5.14019035167908,2.48391447361698,1556.87479915366,0.0220006340667837,795.1,"1.65490539928457e-12",27.3
288,53.4,0,7.01625597605178,3.6305138353133,31.821705608773,921.060993238501,0.00753138299807144,329.6,"7.58084496407411e-12",30.6
289,16.2,1,4.09020319124589,4.74208660456013,2.58340798560835,1578.31063067588,0.0119803575875991,594.9,"2.73132157595907e-13",20.5
290,44.1,0,3.49001509733401,3.09877816070133,14.0954169053194,5570.23811802829,0.0263158505373339,411.4,"4.7045127655159e-13",35.3
291,45.8,1,8.04231763540925,7.43382750417753,2.01214319806293,1878.88799884983,0.0265404094645319,183.7,"2.45037302457481e-12",25.8
292,4.4,0,12.0173965992073,1.8869858869424,0.801998585812741,1676.84794426337,0.00821599781837808,562.1,"1.07524204036447e-12",22.7
293,17.9,1,9.89453525753733,1.80450940396059,3.30846974711495,1994.15030469103,0.0215961466850688,628.2,"1.13304779618497e-12",26.1
294,5.3,0,3.15974668651104,3.15113840815005,2.88603765236484,5034.0794231628,0.00420411604278611,529.1,"1.24621868928955e-12",37
295,55.8,1,38.0322232933925,0.63143379228557,9.64793098142379,3184.30916768892,0.0327379868402778,1110,"2.59318709193301e-12",22.9
296,47.4,0,3.6300962381662,2.15804018789373,6.49203810260325,1387.88806425352,0.00869870890056437,1121,"1.12126139298854e-13",16.5
297,33.8,1,6.09752536094619,4.06969221150576,4.47265643663133,9495.71542663206,0.0123990855879505,541.6,"4.72868658471213e-13",18.2
298,40.4,0,27.7146775455239,3.53969477570092,14.9120811012795,1841.52873758391,0.0276727122364015,318.1,"2.08427198612469e-12",29.9
299,3.4,0,4.84840645974421,4.30529907431494,7.38577846001062,7256.93502960105,0.0119005849732295,266.5,"2.80524794377812e-12",28.3
300,34.9,0,4.92734847533759,1.45917234136694,2.86350452811261,1810.21646941329,0.0203576393704854,463.7,"5.19707419828733e-13",34.8
301,50.1,1,4.68259627029576,1.9214826359124,8.94996465525296,3676.13040650364,0.0321911613499576,594.3,"1.76250915054963e-12",12.5
302,60.4,1,9.81286557868756,3.554116019948,1.70421825613741,1317.62297146161,0.00864538564065866,560.8,"2.33903481685414e-13",31.3
303,16.4,0,10.6224690093181,0.864275930220701,1.38833941928978,740.660686074832,0.00966404085365466,627,"3.33141506590643e-13",28.3
304,17.5,0,12.0268874018335,7.5590564787403,17.9963221502682,5957.94885349212,0.0301891650461215,574.7,"4.72295502798249e-13",32.2
305,59.5,1,11.1174825046655,3.05975689521187,1.35466961784196,2321.99391848307,0.0275466095192559,494.1,"4.55349218969456e-13",29.4
306,16.5,1,12.0774342968841,2.89768122312605,125.423465419956,10022.1927609865,0.0121765985401903,498.5,"7.12298411744563e-13",18.6
307,33,1,1.17964705078256,1.50757689344908,9.75474432144923,1847.07217627649,0.0106642621534603,329,"3.32811707151658e-13",17.1
308,63.8,1,3.21409889034559,3.31925327663079,6.98838102312094,3039.29282215816,0.0121306177021619,847.9,"2.36473671220389e-12",26.5
309,14.5,1,3.74391092892606,1.43570768101097,5.58955110632826,3991.48535073527,0.00612370466168509,938.3,"1.44642756689684e-12",32.3
310,55.1,0,20.0865206173154,3.54365943786843,2.42753065369564,3400.19454677555,0.0083278869354787,1572,"6.50351882228054e-13",28.2
311,50.1,0,33.6788827350533,0.483990838791002,3.56174827166579,3473.45704338543,0.0278666090582028,247.3,"5.49999626958483e-12",18.7
312,28,0,2.91984557592149,2.46698383391672,10.7632607554406,3446.15041505136,0.0233939174685114,286.7,"3.61656867721641e-12",28.6
313,53,1,3.58304437416556,1.11385338539914,4.09937686063151,3789.97346117289,0.00361289306677607,849.3,"1.51678969883927e-12",31
314,47.1,1,18.93812589278,2.55581774795217,2.30621554721755,20324.1745661282,0.0340176512512161,335.9,"5.62273990248836e-13",27.2
315,10,0,7.52052404655959,1.92429561908913,2.2342226507608,1995.61088199207,0.020226042384993,471,"5.29254477466071e-13",21.2
316,27,0,10.2051863259667,1.21381889293411,3.06533810880653,3192.11399920455,0.00793074872335999,869.8,"3.81158958750353e-13",19
317,36.6,1,5.39975044907143,4.47318909963467,1.03112423599127,2382.59253280663,0.0130761638390666,550.3,"1.42480886907707e-12",26
318,24.5,1,5.23226889310435,2.89005205257914,1.56684580888076,5160.41763470366,0.0153713658999847,599.6,"3.72484979507424e-13",31.5
319,37.5,0,6.9744492155242,1.35676382690404,2.41715271192204,4757.66797136963,0.0393026113057125,1692,"7.9941616402473e-13",36
320,64.4,0,5.43752246771916,2.34218110003394,2.24588996095759,1282.21467554496,0.0281152712465143,698.9,"9.9807203887047e-13",27.1
321,60.4,1,5.24108091600816,0.608237297094496,8.99218998959377,2389.6390762945,0.0115149002619261,663.5,"5.35664668770579e-13",22
322,52,0,19.9445851282025,6.14588836882726,0.723816838371106,1833.29764919025,0.0420109699741472,662.4,"2.78960676267818e-12",15.1
323,20,0,4.55390339772279,11.9365951045739,2.96095119736215,11173.1549901437,0.0181030479733195,620.6,"6.93513120077736e-13",28.1
324,55.1,0,3.05900548067985,8.49917994540187,1.11247344873458,13723.7069186264,0.0144074850568677,598,"9.32079944476011e-14",14.2
325,49.4,1,31.2165653887773,0.505121802103278,1.70682734737234,1194.11747235308,0.0281748444619254,391.6,"3.60190951735165e-12",23.1
326,8.9,0,4.67342518009792,1.06949751922974,5.35352999581725,2282.89129626572,0.0148944081876943,844.6,"7.04415965657801e-13",31.9
327,43.6,0,2.41313484510882,1.11609810301373,1.9807742659285,1510.41272286992,0.0518941621936979,467.2,"6.60093579080579e-13",22.4
328,11.1,1,2.19998154000081,3.76831349083388,1.8533531313943,4384.43444314788,0.0359607498695426,922.5,"5.20730215117741e-13",16.4
329,58.5,0,8.45315437622437,0.561476218364408,0.655410336719435,1686.46188428711,0.00745652108780295,2030,"4.71283907816268e-13",21.8
330,22.1,1,6.58007059268042,6.29997316887485,11.6522022953653,2045.79637595436,0.0264992026622566,416.4,"1.7671049870572e-12",34.3
331,43.4,1,35.4167817961877,3.8541505437664,8.37552726193187,5059.19708479483,0.0133434755526963,163.1,"3.45714392124686e-13",15.1
332,48.2,0,6.55480754321621,5.03930795691359,10.2022391556512,15920.5120410371,0.018188296723394,574.6,"2.03135999008477e-12",NA
333,42.3,1,1.49382812262207,3.06958574058472,5.43683807558824,2278.82158387147,0.0137723525606945,493.1,"5.46752554474894e-13",33.9
334,19.6,1,11.960888271558,2.31585832150437,32.545272926113,6966.20278271579,0.0245900140163018,418.2,"9.20578863450962e-13",29.6
335,34.1,1,18.5341045204956,7.22731526464731,0.786439364603079,1416.3911226887,0.0204582893150108,560.8,"4.94062896680801e-13",30.4
336,52.3,1,5.89203953839718,4.10675109735835,6.25795682983652,2563.96141641748,0.00578564457764463,374.3,NA,30.6
337,0.8,1,4.9517225390499,6.11255580564375,12.2240979433549,8257.75378551032,0.0279404459696493,837.6,"1.10711114231395e-12",25.7
338,8.4,1,0.694437725266402,3.45109072885363,11.5486813168809,4295.29591969685,0.00510984027957859,989.6,"2.5047595541653e-12",20.6
339,17.3,0,7.38994754400291,0.657045871410868,10.851175298361,2824.11967792526,0.0603790206092016,460.4,"5.20861723986971e-13",33.8
340,55,0,7.54926173106002,1.7966170082596,6.84287267031753,5810.61089265682,0.0104295989400681,827,"8.80843520696203e-13",23.4
341,29.1,1,4.38046515145249,7.63612520587199,2.39313976494914,1086.87596387435,0.0305206558561213,397.8,"1.52054030005599e-12",19.5
342,38,0,9.1388275804481,4.43822132075816,3.48521635495981,1717.06568833078,0.0707222178507593,285.2,"4.49591445221125e-12",19.9
343,23,1,4.14056432208239,3.39964961836677,2.64442527653002,1008.14143309306,0.0144393660649039,859.3,"6.94143983327787e-13",21.7
344,13.7,1,5.31335627047283,4.56080365373606,0.389955324885793,2595.00460255474,0.0160988821643012,260.7,"3.92041462875606e-13",15.5
345,56,1,3.52030058552014,2.99517218106685,24.9691533001178,1729.63954386324,0.0210508156852421,463.7,"2.42740299390932e-12",22.6
346,9.4,1,3.20474548252692,1.45337818758432,48.2800372214155,12849.8609780032,0.0106304587479258,992.7,"1.06428858463977e-12",20.8
347,17.9,1,4.19168734403125,4.32321503362316,1.71982411611852,3573.88686692323,0.00911526879810681,1517,"1.41348448302157e-12",36.6
348,56.7,1,13.671724511074,5.5910269929778,3.82627718008581,17123.9615639407,0.0646449965742957,925.2,"9.51665165727895e-14",15.8
349,61.4,1,16.4098535526651,1.1808539333664,0.722044767126739,1776.05932128906,0.0172168377352903,811.1,"8.48885513017014e-13",15.4
350,25.6,1,4.56930839396286,3.10867523235936,13.0247113790962,2887.80360460135,0.010964384163922,1150,"4.11218241314082e-13",27.6
351,27.5,1,5.98526367492788,5.38567011566304,2.54051230828866,4484.11672639634,0.0276127099649592,542,"1.99996286981119e-12",14.6
352,15.5,0,15.367516303438,1.36989403030737,1.58096070967252,4685.39640225911,0.0434902890917847,1103,"7.74552076851875e-13",15.3
353,42.4,1,7.43220869589698,3.78365604282231,5.62426025374051,1828.85291213539,0.00420664574744082,774.7,"5.34878524678501e-13",14.2
354,5.8,1,2.90682756946842,1.63154349575976,33.1764434667447,894.098400311961,0.00615279806585669,724.5,"3.60607656917774e-12",19.7
355,41.7,1,2.08737035306083,4.59612358573627,19.770842557944,5451.15639757464,0.0424949455707547,522.7,"3.30230495138468e-13",19.6
356,63.8,0,19.6137679725763,4.0199577589819,32.8885338436943,6743.43595411995,0.0122109365411859,229.2,"3.54917146202017e-13",21.9
357,32.3,1,8.35060540106943,4.2984184216802,14.1595313477189,2521.61616430545,0.0220017437258591,915.5,"3.32479624173146e-13",37.1
358,1.1,0,5.44870872529106,3.63878351811556,1.83199830969601,1447.05375555515,0.0190565354332257,398.4,"8.94419517782475e-13",24.1
359,21.1,0,4.27089592916786,1.33822363085362,0.873066447255762,1364.59455839514,0.0568972725007401,1276,"2.18723964363898e-13",20.4
360,30.8,0,7.38172511227812,2.12797302833701,2.00815762181038,6926.40942734207,0.0277986434659997,693.7,"8.32141512813507e-13",28.5
361,53.5,0,22.4557000297853,0.674617067942812,2.14166832429278,2307.14230142575,0.0596331917797861,800.1,"7.95213699391647e-13",15.7
362,15.8,0,3.16332672666916,1.58321014531697,3.03242842425368,2887.47000544602,0.00917374853272761,827.9,"7.02191231744406e-13",24
363,39.3,0,6.48113354570496,2.95726434859064,14.9618175883559,4142.45497941919,0.0139350157017293,569.6,"2.11521736061677e-12",25.3
364,42.2,1,20.3992604021754,5.08704546928888,31.0169008232697,6785.49699563793,0.0195152888882364,568.2,"4.39697495783614e-13",23.2
365,43.2,0,3.93384077832154,0.985842061450741,20.9868566184779,4087.41614529759,0.0297259841575198,711.4,"2.04633290892212e-12",13
366,61.3,1,2.70730691827016,2.51767714699561,8.07193509255954,3018.70899253535,0.013554891202385,241.7,"1.11195686833126e-12",32.1
367,16,1,14.3314032875209,1.28301070149161,1.04452270793415,2944.33670219568,0.0472674383947137,1190,"2.80083188406635e-13",24.9
368,52.2,0,6.73577926823221,6.93174035954206,5.76678361919077,7490.51109929286,0.00825809948233022,603.2,"6.66369223903496e-13",20.8
369,31.3,1,12.5371076635816,0.825687186719037,4.80920296554236,2387.88663146204,0.0140724220014997,1169,"5.32161489020953e-13",15.1
370,15,1,18.5709013613119,2.58494901006767,4.72546943520713,428.973444610649,0.00896728234772598,514.3,"9.67371503243449e-13",28.3
371,19.3,1,8.11675204414032,1.81267351164975,1.49429244531027,6273.41411386607,0.0100059766804928,127.2,"2.79684955597404e-13",24.7
372,24.7,1,8.18787060693051,1.99740349568931,37.031593426824,2054.64223782537,0.00579258224227569,239.8,"8.34792636429853e-13",28.1
373,34,1,31.8387006775754,2.73525198874901,3.22288060954301,1847.4119492586,0.0358633099914951,1312,"2.44927342414639e-13",17
374,8,1,11.5235644629868,2.76588904825189,0.661912090936551,3860.56725615474,0.109677939393619,204.6,"5.59564198099543e-13",30.8
375,28.1,0,8.76372560201398,3.42804317146674,8.82447826043877,4020.13867722678,0.00896232284269998,788.6,"3.06881896063683e-13",21.4
376,23.6,1,1.54015326515045,7.41660625004146,4.6310021941657,388.923919047265,0.00410323205273349,622.3,"6.0479065886189e-12",19.3
377,43.2,1,13.1538476547316,1.84576224532407,1.88224401658555,3288.55111506898,0.0730683118981633,485.8,"2.9335582726093e-13",22.6
378,61.3,1,16.8257779420314,1.2164002032974,7.33638140111635,1214.83533434171,0.00711048772731157,440.2,"7.24771568420562e-13",17.7
379,60.3,1,31.9642720356149,1.25986091934442,3.15281367948813,1601.1034211258,0.0526209914645344,385.7,"1.02424776103826e-12",22.9
380,29.1,0,4.39532525299477,5.95976421317539,2.25844152580016,1731.85657432718,0.0177364107431906,588.5,"5.41517900054734e-13",17.5
381,40.9,0,3.82249118531288,2.686216776237,0.225255879045347,7165.66969045709,0.0175234506635812,327.2,"1.49975297627543e-13",20.4
382,19.1,0,6.24566930350044,2.45668796401664,4.06903677640091,4173.01097054029,0.0145401678258598,1124,"1.55260086321533e-12",18.7
383,23.5,1,6.18412922234029,4.14872686231372,38.976512597539,3007.32361732155,0.044804571821991,730,"2.42686117911812e-12",13.2
384,21.4,1,8.21081770996432,1.10935072550828,42.2526431922829,1348.15592791104,0.0252591585253093,537.7,"9.40369423147628e-13",18.4
385,50.1,0,19.3929536697974,2.62207840740918,1.54317049534314,2944.55189522832,0.00405845204937439,1519,"7.93710090210268e-13",33.1
386,56.9,0,5.67582958197267,3.49973753219979,3.48025068611066,1009.37692717211,0.0382225601360211,900.9,"7.57929304122859e-13",32.9
387,37.5,0,8.5091679644622,3.72622138517947,3.41377455457952,9392.24422094977,0.0628170248629618,743.7,"1.41656654644462e-12",22.2
388,26.1,1,5.15281317172269,4.46391559545282,1.87168702857882,3725.95067987546,0.019633127984685,1474,"8.99649988868907e-13",12.3
389,37.2,0,4.40196133688326,3.80557693696264,4.70604304073218,5961.38658424026,0.0361447894710749,782.5,"2.37245407558275e-12",35.5
390,5.7,0,6.01798767768131,1.8524096829472,77.5800914558478,2267.97087463074,0.0197779455752271,386.6,"5.41709573416404e-13",32.5
391,26.1,0,10.2430225890839,2.09758111044228,36.282814051749,8386.8343341883,0.0435005604428429,1284,"6.72549492809882e-13",37.7
392,18.5,0,9.96922787122079,0.779152374388491,6.22653348972524,9591.90215844585,0.0227927854152554,1105,"1.24012060096671e-12",25.4
393,31.3,0,1.29848112337918,5.65342352337063,3.63472771024339,6529.95554126917,0.053813455301675,968.9,"8.37018806985631e-13",30.1
394,53.6,0,27.8181185485617,1.23905396846634,1.19341456187255,5029.62207050364,0.00652667052722489,577.9,"4.31754711622529e-12",35.9
395,41.9,1,13.9792222656471,0.823953581705002,0.449165118436295,3249.13393580422,0.00479071688615402,2148,"1.64396920525733e-12",31.3
396,55,1,3.16351264575417,2.46991999044942,1.51716149439713,11152.5405373579,0.0206704648020767,3405,"1.00732924864101e-12",24.1
397,62.4,0,5.008133429806,1.14714799110033,8.56346240422246,6289.44326263854,0.0265913086866114,444.2,"1.55099300071824e-12",25.2
398,9.5,0,16.3373648437896,0.676534519011824,6.01091623296263,710.316567401789,0.0256645567166373,978.4,"6.84751978900741e-13",12.2
399,40.8,1,18.1389749329959,7.06587782759584,19.805426341086,2713.94045046921,0.078737095460915,142.1,"3.07917376367682e-13",36.3
400,42.4,1,8.64744806839783,3.14678503416765,2.14185858669205,2775.04158910472,0.00487782129931614,542.4,"6.96325326553172e-14",24.7
401,54.9,0,11.0327764445843,3.78991767722156,0.3815621987349,1455.40161921473,0.0100531199786984,354.5,"1.50379971666127e-12",37.4
402,49.4,0,38.9710064148424,2.58949218735366,8.98179019465607,803.280000554319,0.0088507708157109,392.3,"1.75723049969114e-12",18.1
403,60.3,1,9.45463767937384,3.11661923673304,11.4303799303919,12105.0523618153,0.0375112765901803,300.5,"5.53342874965417e-12",37
404,55.1,1,3.76022188203366,2.13798356590782,3.17960241878255,5754.15982852208,0.0417400642693709,515.3,"3.5460531218887e-12",27.3
405,42.3,0,3.83601021723112,0.592257437496468,0.821948026295721,12848.6812646099,0.0108310596299011,1516,"8.46495525686117e-13",35.4
406,18.8,1,9.75080478364942,1.78348961202119,0.488538855049254,973.465260206504,0.022725815683338,242.5,"1.08288251470394e-12",15.8
407,58.2,0,7.66878517819138,4.41171106960495,30.4054558155923,4164.09768309362,0.0264619344013893,734.8,"2.22775702632095e-12",22.5
408,61.9,1,8.12840723354839,2.1911603940758,10.809064218083,936.680012710282,0.0276020601338546,495.9,"3.63016727373031e-13",16.3
409,58,0,20.2875403980453,1.92516174285537,4.77655253477045,6457.35311607435,0.0182240664558754,110.7,"2.13178079942203e-12",23.8
410,26.3,0,8.72217447951762,2.1864211015058,6.04742518566626,2137.68836920685,0.0114060602548796,635.9,"1.14896284267599e-12",24.6
411,33.8,0,15.8979339837417,1.68116618531731,6.63029806898463,957.748672755712,0.0321826460028978,695.2,"7.57765201156811e-13",32.9
412,13.9,1,2.44541374386113,4.77726257230484,3.90820559167195,4906.35940474985,0.0141567939129886,853,"2.0955676614452e-12",28.9
413,32,0,5.46295344644665,5.9440268670208,2.51132805011561,1650.44422330659,0.0272374269602868,636.9,"7.92850671068214e-13",30.8
414,24.8,1,19.7605188850631,1.17561536055932,3.68231889957306,1836.85227076086,0.0125822881437278,613.1,"5.72347673778455e-13",20.7
415,14.5,1,5.47782488460776,1.43589369441347,3.3882023703234,14112.9815056769,0.0271486759234675,545.5,NA,14.3
416,61.1,0,11.9914023920024,2.70259494772791,15.8244446391077,682.292085435631,0.00846153146130104,701.8,"2.46462007176118e-12",26.9
417,29.1,1,20.8966526818905,3.02126237174359,1.35287107397884,4858.8073494259,0.0323554420023402,303.5,"1.40867621956832e-12",14.5
418,9.3,0,3.93184308739367,4.01678677517055,1.50545228896617,3556.09814698995,0.015182275605889,597,"1.05421224060872e-12",15.6
419,46,0,6.13160415539335,0.736190645051615,7.00493543979156,3426.25094622195,0.0370971254518903,292.4,"4.71626684596922e-13",30
420,26.2,1,10.2989911501538,1.76295181711266,1.51642921622236,2874.97083131505,0.00913989126595553,810.4,"4.70801971537659e-13",20.6
421,59.9,1,2.71240501716766,1.57598296641081,12.2217991988343,2998.21077674449,0.0194223722319542,463.5,"2.08915143694819e-13",14.4
422,13,1,22.858108648869,1.36399144212444,2.7105944645507,3522.69951239077,0.0567049180790599,888.6,"5.9851260503178e-13",32.6
423,50.9,0,5.32815294853991,1.6246774919075,2.04822041670892,6367.94432063805,0.0189529705176318,433.8,"3.68197107523548e-13",14.6
424,47.9,0,12.3964173382793,1.40881743873625,28.7130523274817,5617.44833163167,0.0368008720218345,450.2,"1.03990367759139e-12",15.6
425,30.2,1,7.18260272564798,4.45315038925463,11.4609698105469,4121.24562290322,0.0239103174346271,366,"1.10210850646554e-12",30.2
426,8,1,16.0639983325654,3.16386554049813,2.1390797858675,2392.25957873923,0.0100823777036408,1300,"8.13477260642887e-13",19
427,44.4,0,1.71006882224989,1.45309302956817,3.03343227151601,16850.8289432599,0.032823440144701,1453,"2.52020756560551e-13",27
428,57.4,0,10.7851134999819,4.90340041873631,2.51304810602075,2889.19536077658,0.00594866820325355,723.1,NA,25.2
429,40.6,0,7.85991589351864,6.09933145670492,29.5977629427468,4953.23886784337,0.0406047258405537,780.4,"1.57312401424019e-12",22.4
430,50.4,1,28.9233844198849,4.72924919553025,1.61982877401624,5391.26337187196,0.0429768649791599,597.7,"2.45768250769081e-13",28.8
431,1.7,0,12.7833169935343,4.15407177579214,5.4014653800646,4083.61610776258,0.0292558328151905,480,"9.91891928639211e-13",25.6
432,9.7,1,6.29673241879786,3.03190424470454,24.9189618141922,4514.65525252311,0.0249413441876596,269.9,"1.06986211962479e-13",37.5
433,30.7,1,25.5794013092236,3.47432251346532,9.79073017103867,2207.35665444089,0.0472384355141035,247.6,"3.15673001503594e-12",19.7
434,53.2,0,13.4484005781891,1.26078939028779,2.46570395113032,5506.60255853355,0.064860077500084,353,"7.79427256739766e-13",18.6
435,32.6,1,5.64173836655298,4.71420852897693,1.67297747346856,2736.06902429692,0.00466917348866717,1331,"1.36976669100724e-12",24.6
436,11.6,0,7.97421265463751,1.70341777809424,12.3393171999028,621.80452751315,0.0517884576168715,1733,"1.27005071334282e-12",19.2
437,22.7,0,15.6866007450228,3.09272778379384,4.5081590146558,6657.8259380918,0.0163820693311963,678.8,"4.90859645221551e-13",34.5
438,45.9,0,8.37863823869501,1.37827858361635,2.06254360247292,1638.94936425522,0.0295441307574819,633.1,"1.92454138035074e-12",26
439,0.7,1,7.26812496442725,1.54741560438786,8.59507897951269,1376.19613605986,0.00572873537948101,479.6,"3.58790605837184e-12",25.7
440,36.9,1,17.6721212771899,2.59420910145737,18.345922001233,1641.45365507541,0.0305029436281335,221.2,"3.77972386824802e-12",27.2
441,42.8,0,13.7317158352805,7.34311055058508,1.84200937300325,901.878070276736,0.0471425349194604,349.6,"4.39153628213878e-13",33.9
442,34.4,1,11.3539513138861,0.844594445848567,9.44757002229876,1414.913174826,0.00871633392251873,672.9,"3.93680209668554e-13",25.7
443,20.6,1,5.34058088631593,4.03270308601194,3.51425868982139,2277.6899583384,0.0256612115435122,604.2,"6.40816399116213e-13",32.3
444,21.8,0,8.14600531820214,0.864248102216099,7.37950135635192,7448.90652841876,0.0161231259152128,1843,"3.5847713232436e-13",24.1
445,46.2,0,15.0264653129686,2.31264083251837,4.46496853836334,1646.37404258461,0.0339251920524061,797.1,"7.012684470007e-12",20.8
446,8.8,0,7.14622944366619,1.75736761781641,5.5768765742935,2308.31892244216,0.0339398388462501,1069,"4.00581868529495e-13",26.3
447,43.7,1,7.4123487038553,1.94232851723845,3.8905474421288,1928.23957395858,0.0154052114995061,287.1,"1.95247888358002e-12",31.9
448,25.9,1,6.14894548963147,5.54961949244658,1.6681326363566,5767.01573706664,0.00750662077115404,368.3,"3.38051709623636e-13",29.9
449,49.5,0,5.8924896275936,1.99464074127214,6.81643875745228,2010.50024441416,0.0140808376210998,628.4,"4.82914716482395e-14",25.1
450,58.4,0,3.08415053817134,2.54705278938837,2.2274749074237,4206.584395061,0.0129995691323241,504.1,"3.21052181598266e-13",36.4
451,14.6,1,8.78960887747727,3.80207257008392,1.99113871459222,685.926188228431,0.0249532335885429,2345,"6.09656656070432e-13",30.3
452,21.7,0,1.60308130460077,0.613007499108358,4.46447318300838,1991.77645590702,0.0491057651602265,1532,"1.11775849597852e-12",19.3
453,20.7,0,17.1982738597586,3.04874067190458,0.560153161102124,1137.95945666543,0.0276320141888198,482.8,"5.06130912712617e-13",27.7
454,20.8,1,9.56593472159681,1.22811681005959,0.658442299996628,2605.99666927891,0.0334699788673197,238.8,"3.44556211837198e-13",35.9
455,15.3,1,14.3670495864723,4.88744102476944,0.71126001404529,3383.97269457482,0.00966133193034888,1659,"4.08089617436777e-12",36.2
456,14.2,1,4.38652481707334,4.29399433142794,1.08089302463244,1668.00545381226,0.0386386063797418,722.3,"2.16613274832314e-13",18.8
457,5.7,0,19.9816248854273,1.91535154334585,1.27912312351337,946.750152092421,0.0190696526729832,1325,"1.01843430116966e-12",18.4
458,58.9,0,9.10718802251786,5.42151390805372,3.50495827316163,8877.20971836409,0.0342220607367209,500.3,"2.88698548147899e-13",35.4
459,44.6,1,3.71295235668072,1.9660760034667,4.16313138702553,3693.38116630184,0.0625913598241112,462.1,"1.26214824284525e-12",33.8
460,0.8,1,4.54368995483541,1.65392150893032,1.70868684308484,987.99581318034,0.0263203622318975,521.8,"4.15255433023608e-13",33.2
461,24.2,0,3.18542559352001,2.68629672193133,7.70962438750988,3811.61052696436,0.0172735664280538,1976,"1.21273543796007e-12",16.5
462,58.9,0,2.07195740930513,1.09686619256481,8.42373914712647,2286.24740178098,0.0160600715350203,982.6,"6.29137600174993e-13",17.1
463,49.5,0,5.0926554465108,3.20755874146211,1.73170149705425,2329.18719741017,0.024325033506398,745.5,"5.27001744865021e-13",NA
464,9.5,1,9.65200566016738,6.83012757725155,15.6793151762836,8110.90228863494,0.0327990027036545,672.6,"1.42639451061106e-12",35.4
465,59.3,1,4.16796885675972,3.30166689232487,1.63389447682302,2779.03625260389,0.0209715761835843,1105,"6.59547085599437e-13",13.5
466,17.4,1,15.7356334121956,2.47917336003655,4.59195145076778,19528.9716283621,0.0643127127276674,551.7,"9.69396333601677e-13",16.5
467,24.3,1,12.560939870397,4.59441409269291,0.341020339384611,2677.26975525638,0.00843240246338489,1291,"9.18414304471064e-13",15.9
468,5.8,0,9.86257181758678,1.99371022412401,3.30022270940679,4180.14405705867,0.00865319361202374,625.3,"8.20136161751451e-13",16.3
469,60.9,1,6.56963724508199,1.53064350234681,3.35893174173333,3153.68012436883,0.0160821411213585,1209,"4.00426635454191e-13",32.3
470,3.3,1,12.2923675931537,1.5199100463201,5.33147292023398,1736.9678785615,0.0458725095684794,740.1,"7.16335006125235e-14",30.5
471,61.9,1,9.17409362423869,1.69571776861439,8.26521869211539,1484.63288236248,0.0115398219728329,1677,"1.1378935894035e-12",37
472,37.3,1,10.7091589869097,1.90300837742543,0.671643917825108,1662.63513383723,0.014891008115693,380.1,"5.37367713923501e-13",25.4
473,22.9,1,4.63177260970913,2.97742386135684,1.11230190265698,2035.77593475424,0.048935845864742,489.8,"1.945047369152e-13",32.2
474,37.7,0,6.12339021865697,3.46618316152624,3.29105756294002,6796.76996800107,0.0306147194093513,740.3,"1.43654218224399e-12",36.2
475,33.7,0,3.84707140290694,4.73843701887774,5.19106384020297,687.801128739535,0.0202450357872544,948.8,"1.08684196799866e-12",14.5
476,11.9,1,27.1183904391477,6.00581403737342,2.05009297829257,2199.43448605677,0.0248959948643563,766.2,"2.87111726303871e-13",33.2
477,60.8,0,8.35657063297251,4.35531871309829,1.96150743990442,1805.68240871132,0.0130194953770352,677.7,"2.33920550152013e-12",19.2
478,30.7,0,6.4116841382335,1.29654021475923,12.2990822692525,1282.41412722585,0.0136714712388173,654.1,"2.43438185014974e-12",31.7
479,9.3,1,4.29699176068,2.87303014344678,10.8635639012474,3200.14443433634,0.00749938657152014,648.2,"1.43613859933394e-12",34.7
480,30.6,0,3.28699894389513,2.59470644727808,2.85678408400618,3007.21979866082,0.0188813550259293,762.3,"1.68811834504267e-13",12.8
481,33.5,1,42.8431315035684,1.06739677421129,4.32211715949579,3704.73268535973,0.101627361048165,380.6,"1.36087465981634e-12",36.6
482,20,0,3.40501607566405,3.57418451150739,8.56954980766968,7674.02325162081,0.0348837758667,662.6,"2.76868776284859e-13",17.7
483,50.5,1,6.1147834303177,2.1776816352528,9.88476209745592,5311.26375739501,0.0650726082587166,589.2,"2.90029553391237e-13",24.2
484,28.9,0,6.79884188805654,2.8875294125816,22.3048001819765,2750.55958570791,0.00991002967763115,380.4,"3.90649916618487e-12",28.3
485,18.9,1,10.3836745412902,2.59019334972924,13.1542233420496,11731.0230367381,0.0441863177067324,270,"5.53673016443785e-13",32
486,14.8,0,5.8925277428628,1.98208404504698,11.3882197514728,1958.07784688239,0.0242619674169263,701.7,"3.01894981085112e-13",33
487,11.6,0,16.8734552965253,4.69581135734995,1.76930039717581,3833.78475586982,0.0485904223386159,222.9,"8.16780080321704e-13",12.7
488,6,0,7.94060903181728,1.66597130200181,5.93153610763831,7970.4375570722,0.0425344070182702,378.3,"8.97806895559469e-13",29.5
489,12,0,24.6480631986098,4.37990577437393,5.44729697500072,18524.567134537,0.0121002637049446,564.4,"5.96917806025956e-13",27.6
490,47.3,0,26.9967937169749,2.7534922456337,4.911276858424,1866.50481772584,0.0110709342348394,546.8,"1.28885506607389e-13",15.8
491,17.8,0,6.72203400021573,1.0712003159936,2.12921136302822,2641.10449870409,0.0370441649005076,454.1,"3.0415960402852e-13",33.3
492,55.7,1,7.33443671656985,4.39017253636267,12.9689271814899,2113.11801655231,0.0367776993679118,1033,"1.31107445617486e-12",36.4
493,44.5,0,3.33135215166067,2.10711799164801,1.42891855697712,4041.5074989186,0.0129100127057341,254.8,"3.4732124195061e-12",23.7
494,51.4,1,5.38580700908137,3.70221321709217,5.26450093921331,4682.53342092852,0.10581001085082,401,"6.72481935318964e-13",33.3
495,51.8,0,8.24689050953412,5.2496269906815,1.52183341431219,2441.75295901993,0.0766497338931593,796,"8.35866251989372e-13",28.4
496,5.7,0,1.78500159693243,8.8109335066909,3.27197510076869,1051.46415507035,0.00452128776202597,210.7,"1.01141625729572e-12",14.8
497,51.9,1,9.82182369831665,1.29488501195316,15.8391292460649,4697.29513936781,0.0256126932846024,252.4,"2.96631763349522e-12",19.7
498,39.2,1,3.33168532855523,0.527794646632268,0.787795704530778,4864.90818820883,0.0188701702059774,971.1,"1.31115685540933e-12",28
499,20.2,0,3.26129474450741,1.66345122370274,1.94499330755839,2165.67038973172,0.0154041808936931,781.6,"2.9995937375778e-13",36.2
500,15.4,0,5.13520103260424,1.9110979563839,0.855600679868237,4729.09071372562,0.0245181232359083,954.3,"6.0656213328947e-13",35.2
501,52.7,1,13.3443490503323,1.70909693848125,2.33424632514463,2543.99274071402,0.0285874121316982,579,"3.04061562351272e-13",32.7
502,29.6,1,13.0565596217508,5.35979843801033,3.03999850562305,8149.28132062272,0.0105118739678953,302.4,"1.69007847317431e-12",15.7
503,42.3,0,1.91053248181249,0.555074978676178,2.18795029510379,7028.22788857654,0.0505066147000198,268.1,"8.42182449388044e-14",19.7
504,44.9,0,4.34443298174564,2.40922832197992,7.62087481134138,1883.32373094275,0.00822642485276312,1660,"4.99486391791652e-13",30.1
505,49.3,1,6.80250072072607,1.51395959569504,3.14848981170782,1218.05850748207,0.0163808822627046,238.5,"8.52312277960331e-13",27.3
506,53,1,3.58991975571224,3.86241261357604,0.33930047665447,7100.16975105651,0.0200940479387224,590.8,"5.68570114609482e-13",37.2
507,11.3,1,0.946818122022066,8.07995280540108,2.59062732184242,6555.99725742993,0.00652091098315935,528.1,"7.61976338477284e-12",16.3
508,60.1,1,7.94056161381866,1.08288176243826,4.19343360189015,2285.7731529834,0.0511357321329108,538.9,"9.58420153611646e-13",31.4
509,6.1,0,17.8721321884194,1.2893035197163,9.49328803268475,5377.67791275118,0.0176632733907843,493.5,"1.92318959833821e-12",19.4
510,6,1,13.4215673398388,4.0608490216256,2.75886227987443,2013.62496841464,0.0326727640016439,577.4,"9.14009270547105e-13",26.8
511,30.2,0,5.74197567566256,0.667297815340153,2.89367182366243,1636.69604467557,0.0340205822814044,434.9,"5.653011076032e-13",26.4
512,58.6,0,2.57160830123068,1.10201428794423,2.54461310145179,2903.75332694613,0.0145749230226023,1110,"1.10871248308175e-12",29.1
513,19.9,1,24.8291731844425,3.76971558013446,6.51694251431136,1437.6408523121,0.0229509778088715,1063,"3.11035206577395e-12",14.8
514,28.3,1,3.33909539557984,3.02844297756727,4.32385916873608,9365.83539344897,0.0212201303514999,952.4,"9.71243820921835e-13",26.2
515,15.4,0,10.4134587564026,0.857249816695926,5.37527971566576,1814.78067477064,0.0284226113858522,1954,NA,24.8
516,14.3,1,7.66913975053438,3.84674027348289,18.3146227077413,2089.20042390936,0.0379431511234126,712.7,"7.6342097312494e-13",24.3
517,15.3,0,1.7848615435906,0.496069000171369,2.3805299878152,1752.40769034549,0.0156641170238634,883.4,"6.83823649107111e-13",17.7
518,47.4,1,9.90119024550615,9.82459569358186,5.54575555985783,817.297959260067,0.0243274439082672,466.3,"2.41915586202203e-12",19.1
519,9.5,1,2.66769122985654,0.798112403918154,15.9905929891081,5984.49372885563,0.0361420116316464,706.6,"1.3266099117789e-13",16.5
520,20.9,0,9.91852624766659,3.09978263299796,3.5195307440471,4462.21298614622,0.043572278537053,682.7,"6.41770258690544e-13",20
521,10.9,0,2.63476318217659,1.72464433948604,2.89711955518869,6912.33974100449,0.0542051499628927,399.3,"7.04144842176499e-13",20.5
522,16.7,0,11.5008732932018,1.83944012639888,2.11519088426978,4729.56053764656,0.0316130167540458,1768,"3.90698438006315e-13",18.4
523,64.2,0,6.12148861448539,1.76457806727315,4.2113366890415,5926.28192484904,0.0106544916351858,1114,"1.47873124975198e-12",17.8
524,30.6,1,5.40030186112822,3.23289359072217,1.34286074538184,1222.37548750182,0.0219173365303535,797.1,NA,28.3
525,56,0,11.467558992903,1.98518347649308,10.6602065522794,1747.41368630734,0.0669711152341349,653.2,"1.17293590777495e-11",29.8
526,18.4,0,5.389150429199,4.39935815773597,27.815209176757,5792.36986377202,0.0237579186868988,407.5,"1.03600109234329e-12",29.8
527,43.3,1,5.39559458205415,5.42973703987357,4.36991206507308,2520.24150623211,0.025019047761886,758.7,"9.21511416810006e-13",23.4
528,57.4,0,6.34451306339442,4.94316594819398,9.84429783948518,11460.5698887514,0.0138690341209698,1052,"7.9713279287911e-13",34.3
529,32.1,1,16.1314773169425,6.46146840705975,11.4043770809371,6546.88802633111,0.03571086183175,363.5,"2.19894309823602e-12",21.5
530,60.9,1,23.3233940519069,1.65570092035528,3.99919744969917,11799.743727122,0.0251701721163719,761.7,"1.13141861424954e-12",14
531,14.9,0,0.522809120355435,1.76949629496921,1.42000922342974,3756.85011468927,0.0265317603200929,1051,"2.12824644838664e-13",12.2
532,23,1,44.5611014420893,3.22391957037748,1.82240897396981,1163.25965782439,0.00994702994744933,508,"4.81822185967804e-13",23.8
533,28.2,1,1.59344406865579,0.906441636760655,9.21506108570916,672.096953817659,0.00450973294753186,175,"2.4546536876865e-12",36.2
534,14.3,1,1.49806461182436,1.83759562929099,6.78118607127715,2722.2331527424,0.0302156480502471,983,"6.4978477098224e-13",34.3
535,59.5,1,6.76607111419865,1.40253714656414,13.827607146892,3426.80408006355,0.0124544748053388,1238,"2.19976211998503e-12",19.1
536,53.7,0,9.3083991803518,1.67707044128278,4.33342765360622,4971.86962860539,0.0689862774540755,765.1,"7.48210579506713e-13",28.3
537,37.3,1,11.8303257661161,1.20689920719959,12.1544533965785,10567.177757974,0.015277756419506,1842,"1.33815017985465e-13",14.4
538,57.8,0,6.8102061865228,4.09596621680183,0.624994421722041,2722.19126743524,0.00472109165917842,1297,"4.17331808550024e-13",15.9
539,43.7,0,3.79198893594347,2.93361127708669,0.298338479668804,8145.3907061404,0.024989002270362,182.5,"6.77203492508204e-13",37.2
540,21.3,1,14.1772284012691,3.49118796241811,3.78990736923146,2836.98779516304,0.0226663994535053,1343,"2.55374258760647e-12",17.8
541,3.1,0,1.46886733911421,1.68774284244222,3.25248429164654,2049.21516978696,0.0189407579111584,602.2,"5.7312423090048e-12",27.7
542,60.5,0,11.2786491641766,2.94787546572752,1.27735292550715,6852.9487397977,0.0306423580991745,369.5,"2.79793221216383e-13",27.2
543,64.1,0,3.65648704265488,0.988178681466691,18.7223688649336,2045.88568921041,0.0321527218834656,1113,"7.1991672196045e-13",33.9
544,61,0,3.95322506106727,1.30833209644763,1.84877865106049,2199.42965062916,0.0104685705915877,389.8,"6.70792537873972e-13",27.9
545,39.8,1,9.10847649581852,2.36546862892638,1.88959190357869,1204.46846696563,0.0306004605170507,271.3,"9.72297958115766e-13",30.3
546,38.4,0,7.64374918068054,1.2858347069066,3.3815904453785,6908.9612317602,0.0209365309222675,1346,"5.13884812965205e-13",30.8
547,24.3,1,8.12283854640372,1.59769116000873,0.766558045703687,3094.36578040925,0.0819601958685162,479.9,"3.00913229733937e-12",23.8
548,55.7,1,4.86847655198125,6.20494199909982,6.02376124159346,1231.89887884096,0.119083528503821,436.5,"1.50676080775378e-12",12.1
549,59.6,1,5.62605858674375,2.8039436735995,18.4790677426801,1933.45856252526,0.0354376445645716,299.9,"2.22143878488068e-13",18.6
550,44.8,0,7.10592392116185,3.00087752755341,53.5534248021489,10237.1773012383,0.0226405553858779,323.1,"1.52474087792199e-12",24.3
551,12.2,0,9.69999566388302,1.83079621473556,2.51802254424295,7264.12153365448,0.010719218278913,1162,"5.14930196058825e-13",33.3
552,51.7,0,20.9629458763643,4.00542709441721,0.841207879449715,2288.76407384681,0.0159210080104374,1409,"3.37910928134353e-12",35.5
553,36.6,0,9.14411719344533,0.720976053191782,0.910805906210427,6538.49526820202,0.0110134200875807,509.9,"5.25013938918927e-13",32.7
554,10.1,0,2.06620634378252,5.20686837825059,0.670775225453927,1911.17573177834,0.0245182936733787,266,"3.76579870818267e-13",32.4
555,5.4,0,11.6709347564242,1.46266186090445,1.65655134812728,5202.64117684756,0.0214473052626989,621.4,"6.47783808956854e-14",16.7
556,38.5,0,4.06158145774453,1.52980337407491,6.49541419597749,3336.68159617989,0.0137380615994561,492.4,"7.99917976156342e-14",16.8
557,1.4,0,12.8872475257082,4.00801394836981,1.59119030526106,4012.44500535506,0.040829649175386,455.4,"1.50878611544814e-12",12.5
558,35.8,1,4.5015071163549,1.52477740800641,17.345790042579,1852.67760698337,0.0160084704181397,844.2,"2.42993720755417e-13",37.6
559,8.9,1,5.32762491000835,2.66935065175884,4.44599356899144,8094.16626858968,0.0136331061843461,860.3,"3.6352111193629e-13",27.3
560,53.2,1,48.4345265412119,3.50198971507229,4.67688970276753,4538.59557034655,0.0220583341050999,157.6,"1.84761887503503e-12",20
561,41.5,0,12.6438647950435,1.97646300220225,13.9990498551757,3442.58164589331,0.0368120098672338,410.5,"5.01110208025624e-13",16.5
562,60.8,0,6.46306565021641,1.85990102308336,0.726806306429975,2024.33441665402,0.0194134592754506,211.1,"1.37140428150786e-12",32.2
563,57.7,1,5.56424350947354,4.52875506673712,6.39043082271494,2553.82047908137,0.0141743872949631,1016,"5.21285051154682e-12",17.6
564,22.5,0,46.0551090537029,1.52119532819972,6.3092830913671,8589.36919571833,0.0418783000182639,877.9,"2.94427635057125e-13",32.2
565,22.8,1,3.31514552673079,6.92371017042801,13.8095570040532,5191.64794358148,0.0139340850718682,250.8,"3.98140839116176e-13",21.4
566,5.9,1,5.20790486499178,4.77524648028405,2.29618027288021,3223.57088096118,0.0737389859891918,242.8,"1.78373841025489e-12",17.4
567,62.7,0,0.403557860798658,3.88427744495914,1.17358569616342,1424.78710624952,0.0224845610094967,1646,"2.68470517820721e-12",16.9
568,21.4,0,18.1970295552329,2.49389128447367,8.81023997698877,6635.85396377903,0.044273239831272,1314,"4.22239609006559e-12",28.2
569,46.9,0,2.54726258959395,1.85328092062671,0.976253500661289,1722.15956668112,0.0284873440050453,563.6,"7.51279013849454e-13",32
570,40.6,1,3.13167678008469,3.5930323909663,1.41918668368613,2533.39343086711,0.0102910832953213,546.9,"8.91810235875509e-12",26.8
571,17.2,1,18.6322946642811,3.9538763966252,9.79904566015512,6237.16144883249,0.0169420376809985,2590,"1.9264440573961e-12",32.6
572,7.1,0,14.7339079770186,1.51535970534151,2.81937075730872,1699.87821634517,0.0323755323035553,538.4,"2.01283591885245e-12",23.6
573,28.3,1,34.8163135527672,2.59334412934994,1.8079953605126,4057.28723608277,0.0179791671538124,466,"1.61921486834708e-13",18.8
574,16.4,1,8.44028968586712,2.19468264308328,6.15626251459985,10464.2011997382,0.0212137175666406,476,"4.97498746388452e-13",16.3
575,64.5,0,4.35325355248744,1.87223743298428,14.504278749547,15097.0179929263,0.0160031272259493,601.9,"1.42252174115763e-12",27.3
576,37.3,0,5.80520838650019,1.58698185312524,1.77124202005889,2038.16045059803,0.00978558779835494,698.5,"1.01674145423209e-12",26.6
577,56.3,0,9.98970257453152,8.82946795740027,14.3054656002373,5870.72120365452,0.045731925379457,1006,"1.07294771953589e-12",32.7
578,41.9,0,14.0854534972081,1.31518247477428,1.60593609682769,2868.05668785192,0.0058869353105778,497.3,"2.41907574341146e-13",19.4
579,51.8,0,5.1833229169704,1.63341792074511,1.41766664778992,2389.02588382375,0.010760677723737,1169,"3.25253977775647e-13",14.2
580,32.6,1,20.5035015726796,1.60748752681282,3.61128488421104,10474.0490195878,0.0247693470134679,349.5,"5.53755237113031e-13",14.2
581,50.1,1,7.38998010579939,0.9394858897966,10.5446361167571,1785.31513888086,0.07390122204894,290.1,"1.12590178556455e-12",12.9
582,7.9,1,3.94732352161134,8.75554771826467,2.43274330244005,10357.9208961882,0.0097625374466131,368.1,"6.84314201160524e-13",30.6
583,49.1,1,5.74707886555212,12.3376455156494,2.01774482678475,2529.76258117471,0.0483778114308636,866.9,"8.87732636780631e-13",26.1
584,31.4,1,4.66445817712169,1.73560485452686,2.00986380217553,3315.58305218371,0.0067707872266676,368.4,"2.64142859017915e-12",29.4
585,54.1,0,5.74895604737878,6.73756457342739,2.5089522503339,431.605746472666,0.0572718028258777,2464,"1.56541170119238e-12",37.9
586,60.6,1,5.25688319300354,2.57043630841929,0.952940709585,1363.32033060798,0.0159437409304468,1260,"9.8731708084171e-13",35.4
587,33.1,1,44.8599464072723,1.61930048406991,6.23699560158811,1944.85703176237,0.0299249389962648,747.2,"8.86957377054106e-13",18.2
588,44.7,0,2.93833722578582,1.61792759603038,3.32360185820103,6257.32984350614,0.01462560705022,566,"6.21396363461077e-13",36.8
589,35.2,1,8.43815434572985,5.45633426389784,3.5015008414883,7825.91203660722,0.0721472917226641,669.6,"2.57444448905021e-12",30.4
590,38.6,1,7.57824353763742,3.70451444153028,3.24997368819313,1396.1534959721,0.0565161970878961,605.1,"2.04840505015e-12",32
591,11.8,0,2.04655340639579,1.80940247038729,2.96263613248296,20194.1768775761,0.0278904977528198,342.7,"5.22376504537697e-13",37.3
592,47.4,0,3.96234041286142,5.33696717157327,30.1383014934234,1143.57670152855,0.0174931728101091,643.5,"6.15120741964799e-13",22.5
593,61.2,0,16.387196645501,2.29464431346293,2.39525593978885,391.036213513901,0.0396173800342935,598.1,"4.35171699635164e-13",13.9
594,14.8,1,11.7107066561054,1.87294063078729,12.4495917005125,10742.4879608268,0.0185535119150998,237.1,"1.1888358230066e-12",29.8
595,20.3,0,3.80751959221053,2.17661025999247,3.520349278615,4572.55783462449,0.00973968456361594,902,"6.8878167152941e-13",34.3
596,64.1,1,7.95768006928561,3.51308450309254,1.58503142807617,5383.86381897429,0.0515707112764472,949.9,"1.18652848199042e-12",16.5
597,20.2,1,13.396049700365,2.45430428892636,5.04701800129537,1678.02813036953,0.0191552268396943,949.7,"7.65247625268064e-14",35.9
598,25.4,1,2.69070565223391,3.86660270534488,3.48276629376464,1007.23081165116,0.00385869152883618,683.1,"4.27171135524431e-13",37
599,23.3,1,11.3884973787616,3.76963945368753,0.929010858889372,2122.77211828881,0.0151447790175727,327.3,"5.6645208667639e-13",27.4
600,28.1,1,17.1167685455175,1.8927126404314,4.90519805402401,5113.42318922218,0.0073069628475807,257.2,"5.2442796780861e-13",24
